id,nome,cpf,rg,data_nascimento,sexo,estado_civil,email,cidade,estado,cep,data_cadastro
1,Brenda Alves,438.150.926-98,87156234,10-28-87,M,Solteiro(a),ccamara@example.net,Pires da Praia,RJ,10341316,10/2/25 10:02
2,Maria Clara Castro,593.820.164-06,273841567,01-30-97,F,Casado(a),da-conceicaobenicio@example.com,Camargo,BA,69166978,1/22/25 0:25
3,Alexia Rodrigues,184.652.097-58,270581467,07-02-99,M,Casado(a),natalia93@example.org,Moura das Pedras,DF,46578713,2/1/25 12:01
4,Sr. Yuri da Conceição,930.756.142-70,514723063,11-05-88,M,União estável,yda-cruz@example.com,Macedo,SE,8013267,8/7/25 23:42
5,Ana Liz Cavalcante,609.237.541-99,238104655,09-23-39,M,União estável,hmontenegro@example.org,Gonçalves Grande,RO,75107-991,9/13/24 21:07
6,Thiago da Luz,251.798.634-73,805427314,12-24-43,F,Solteiro(a),souzaleonardo@example.com,Nogueira,AL,98262-045,10/5/26 1:15
7,Luiz Henrique Costela,315.649.802-51,260183477,12-01-55,M,Solteiro(a),garciabreno@example.com,Ferreira Alegre,PA,69340608,5/29/26 11:29
8,Fernanda Fonseca,615.420.738-71,653721080,04-02-84,M,Casado(a),vrocha@example.org,Aparecida,ES,91769-367,10/5/25 7:15
9,André Sá,163.954.702-99,178342658,09-03-96,M,União estável,vcastro@example.com,Nogueira dos Dourados,PA,36690967,7/26/24 16:07
10,Dr. Mathias Leão,893.712.650-86,657831402,02-23-07,M,União estável,goncalvesbenjamim@example.org,da Cruz,DF,92327193,6/27/25 1:30
11,Léo Cavalcante,912.704.586-20,630418251,08-17-97,F,Casado(a),vieirabryan@example.com,da Cruz de Minas,GO,37996-507,4/4/26 23:15
12,Ryan Cunha,549.286.073-92,13576824X,09-15-82,F,União estável,ymachado@example.org,Correia,DF,49894-134,4/1/25 12:53
13,Kevin Albuquerque,824.067.935-83,716042836,09-16-67,F,Solteiro(a),cauada-cunha@example.com,Nunes do Norte,RN,33412328,9/15/24 4:45
14,Nicolas Machado,974.012.835-14,132548707,04-23-75,M,Viúvo(a),vitorcasa-grande@example.org,Rocha,TO,49027874,1/12/24 22:31
15,Maya Porto,719.236.450-99,25376841X,11-12-94,F,Divorciado(a),marquesfelipe@example.com,Santos,CE,80861-317,6/14/26 4:10
16,Daniela Monteiro,489.365.170-66,634810522,05-13-60,M,Casado(a),andre44@example.net,Cardoso,PE,17187-026,4/19/26 13:32
17,Breno Melo,456.802.319-05,804712530,03-27-67,F,Solteiro(a),teixeiraguilherme@example.com,Marques Paulista,RO,74821759,2/25/25 21:23
18,Isis Marques,436.780.152-71,480532679,11-01-02,M,Viúvo(a),xda-paz@example.org,da Cunha,TO,45171-236,6/28/26 22:28
19,Maria Clara Borges,604.783.291-13,650713849,05-15-02,M,Divorciado(a),davi-lucasporto@example.com,Andrade da Praia,DF,73515-850,9/5/25 4:44
20,Davi Marques,130.729.456-16,134852072,10-18-55,F,União estável,jose-pedronogueira@example.com,Siqueira,SE,70076-617,12/24/25 18:14
21,Ana Sophia Barros,521.784.963-00,760581320,05-21-00,F,Solteiro(a),dfernandes@example.com,Silveira do Norte,MA,51983-273,2/4/26 6:46
22,Dr. Danilo Teixeira,436.795.021-25,27564186,10-17-48,F,União estável,isadoraazevedo@example.org,Mendonça dos Dourados,PA,38156-149,12/7/25 20:10
23,Lorena Aparecida,360.712.589-95,450638728,04-23-63,M,Viúvo(a),melissanovais@example.net,Pastor das Flores,PE,64535218,10/27/25 22:08
24,Sophia Correia,592.106.783-03,217534867,11-04-85,M,União estável,ana-vitoria27@example.org,Duarte,RN,82071-518,6/11/25 8:19
25,Josué Santos,792.865.314-19,58263172,05-21-88,F,União estável,brendabarros@example.net,Barbosa,MA,88805929,4/23/25 13:13
26,Fernando Sales,927.038.154-41,734128058,01-26-85,F,União estável,xmartins@example.com,Ferreira de Alves,PA,68536153,11/8/24 22:54
27,Lucas Gabriel Vieira,290.831.547-50,102853745,11-25-52,M,Solteiro(a),aragaorhavi@example.com,Gomes,PR,65405153,8/1/26 18:18
28,Bella Vargas,952.074.836-92,785160243,03-04-38,M,Casado(a),caiovieira@example.org,Barros das Pedras,AP,92845-115,11/17/25 3:40
29,Pietro Pereira,627.830.951-30,407532869,09-02-05,F,Solteiro(a),lunaandrade@example.org,Novais do Campo,GO,73947-312,6/4/26 8:04
30,Emanuella Silva,715.920.684-30,254107680,02-04-93,M,Solteiro(a),fonsecaemilly@example.com,Moreira,BA,22535-841,1/21/25 10:15
31,Kamilly Cardoso,481.957.603-84,87642359,07-18-91,F,Divorciado(a),opinto@example.org,Moraes da Prata,AM,37147-321,8/28/24 7:56
32,Mariah da Cruz,258.163.479-00,708345621,02-20-78,F,Divorciado(a),aragaoalexia@example.com,Cardoso,AM,55852-398,11/5/25 13:41
33,Augusto Andrade,257.431.689-46,264587315,04-17-87,M,Divorciado(a),maria-laura05@example.com,Cassiano das Pedras,RR,68970283,5/9/25 1:57
34,Pietra Moura,652.347.891-28,731245064,07-11-91,F,Casado(a),marianadias@example.com,Carvalho do Campo,RN,30833016,3/20/25 15:18
35,Beatriz Rodrigues,209.356.478-56,452708631,08-15-74,F,Solteiro(a),cavalcantilara@example.org,Albuquerque,SC,49329-668,3/18/25 21:48
36,Aylla Cirino,275.109.386-86,452870161,02-15-86,M,União estável,riosisaac@example.com,Barbosa Verde,AM,88398225,7/4/26 13:11
37,Bruna Rodrigues,371.490.568-57,704328161,02-26-95,M,Casado(a),diogoaparecida@example.com,Moura Grande,SC,478686,3/15/26 19:31
38,Raul Ferreira,243.506.798-47,380645178,02-06-53,F,Viúvo(a),guerraluna@example.org,Ramos das Flores,SE,66246-287,1/14/25 9:17
39,Kaique Santos,270.435.168-62,432507188,08-28-74,F,União estável,cauada-mata@example.com,das Neves Paulista,MS,71753-556,8/24/24 18:13
40,Diogo Almeida,486.215.709-20,374526187,12-03-69,M,Divorciado(a),lucca28@example.com,Albuquerque do Sul,PE,84086-211,9/8/25 10:00
41,Gael Pinto,845.230.617-26,382504719,03-29-63,M,Casado(a),oaraujo@example.org,Sá,TO,14293-968,3/21/25 16:29
42,Srta. Anna Liz Montenegro,501.378.269-40,508234712,05-12-75,M,Divorciado(a),llopes@example.net,Caldeira do Sul,AP,81995-604,5/20/25 15:28
43,Joaquim Oliveira,826.179.453-91,217385643,09-09-92,F,Divorciado(a),theodoro37@example.net,Sousa do Amparo,RJ,56465193,9/27/25 23:23
44,Emilly Rodrigues,807.513.249-14,671528300,08-10-87,M,Casado(a),cbarbosa@example.net,Machado,MS,79825-071,2/23/25 4:08
45,Danilo Siqueira,254.931.876-55,17563208X,10-25-38,F,Casado(a),almeidacaroline@example.net,Costela,GO,91825537,10/13/24 14:33
46,Rebeca Moura,568.402.719-94,415720369,03-02-44,F,Viúvo(a),joao-miguel86@example.com,Jesus de Rodrigues,PR,77219-034,8/15/24 5:57
47,Vitor Gabriel da Paz,278.460.519-11,806531472,04-13-89,F,Casado(a),ana-ceciliaandrade@example.com,Moraes do Campo,BA,04223-253,1/29/26 14:32
48,Maria Júlia Mendonça,246.370.819-04,573240863,11-29-88,F,Casado(a),qporto@example.net,Macedo,PB,63242415,1/21/25 6:27
49,Sr. Benjamim Gonçalves,436.507.981-66,124863073,02-05-86,M,União estável,limajoao@example.com,Cunha de Borges,AM,19656523,9/2/25 16:25
50,Josué Novaes,940.652.187-30,64501378X,02-25-53,F,União estável,mouraapollo@example.com,da Mota,AP,18328-569,10/28/25 16:54
51,Ana Luiza das Neves,630.178.594-01,420615386,02-15-05,F,União estável,lucas-gabriel52@example.net,Aparecida,AC,7562208,1/3/26 0:34
52,Dra. Mariah Câmara,536.927.041-43,108647535,07-30-99,F,Divorciado(a),ana-livia51@example.net,Sousa da Mata,AM,83670241,8/23/24 10:23
53,Vicente Jesus,571.406.823-80,103584626,02-09-97,M,Casado(a),vsampaio@example.com,Santos do Norte,DF,21356-804,1/28/25 9:52
54,Arthur Guerra,783.096.142-50,31672486,01-24-78,F,Solteiro(a),dom01@example.org,Ramos,MA,68701-462,5/24/25 14:34
55,Valentina da Cruz,806.752.341-07,583210466,10-09-37,M,Solteiro(a),danilo78@example.com,Cavalcanti do Amparo,AL,3930870,3/21/25 16:33
56,Gabriela Cardoso,529.061.473-70,157630821,07-02-59,M,Casado(a),luizavieira@example.net,Casa Grande de Farias,SC,35521570,1/2/25 2:19
57,Bernardo Ferreira,410.735.968-93,762430151,06-06-47,F,União estável,andradeana-beatriz@example.org,Ribeiro da Mata,MA,10698720,11/4/25 22:38
58,Aurora da Rocha,973.061.428-87,176023847,11-18-00,M,Viúvo(a),fernando86@example.org,Nascimento do Amparo,RJ,74160898,2/27/26 1:52
59,Clara Campos,728.165.043-44,638512402,11-27-41,F,União estável,unovaes@example.com,Andrade de Cavalcanti,GO,29960-653,8/27/24 8:54
60,Juliana Freitas,054.263.978-56,476253809,10-04-49,F,União estável,joanasousa@example.com,Montenegro de Gonçalves,RS,3579727,9/24/25 1:39
61,Dr. Enrico da Luz,140.379.852-41,345870268,01-03-70,F,União estável,luiz-felipepeixoto@example.org,Mendes,AP,45444-328,1/2/26 12:40
62,Nathan Ribeiro,520.938.416-06,604581373,08-27-85,M,Solteiro(a),wrios@example.net,Melo,DF,68460223,3/29/25 16:16
63,Natália Casa Grande,521.387.960-86,07215438X,12-31-44,F,Divorciado(a),bporto@example.com,da Rosa,MA,89856-257,10/4/25 18:58
64,Enzo Guerra,038.516.927-21,157603283,09-11-91,M,Divorciado(a),peixotocalebe@example.net,Camargo do Campo,PR,93483564,11/16/24 12:21
65,Sara Costela,753.068.421-35,216405737,11-23-68,F,Casado(a),vinicius70@example.org,Sales do Amparo,SE,21202-169,9/7/25 22:45
66,Maysa Cirino,965.401.387-84,670824537,10-12-06,F,Solteiro(a),rafaela89@example.org,Guerra de Goiás,AP,79717-751,8/7/26 17:23
67,Dra. Allana Caldeira,690.487.521-67,835672104,02-03-95,F,União estável,jfarias@example.net,Cunha dos Dourados,TO,51609177,11/15/25 8:30
68,Catarina Monteiro,089.436.527-47,280347510,12-02-66,M,União estável,yangoncalves@example.com,Pacheco de Oliveira,RO,84608-106,5/11/24 12:33
69,Ana Laura Costa,429.581.067-30,302871652,11-24-52,M,Divorciado(a),calebe66@example.com,da Mota da Prata,GO,29405720,11/11/24 15:24
70,Sr. Kevin Mendonça,985.072.164-20,823456018,09-14-51,M,Casado(a),biancafarias@example.com,Mendonça de Aparecida,MA,58112880,10/23/25 7:50
71,Heitor Rodrigues,613.457.029-06,75284364,07-18-48,F,Casado(a),diego93@example.com,Ribeiro do Sul,PR,83268424,11/29/25 2:39
72,Dra. Maria Fernanda Albuquerque,892.065.374-74,435621701,04-21-47,M,União estável,thiagocorreia@example.org,Farias de Pimenta,RO,92995-562,7/25/24 21:28
73,Henry Silva,645.172.398-37,543701281,02-01-97,F,Viúvo(a),stephanycosta@example.com,Montenegro do Sul,RO,92827229,6/15/26 9:07
74,Clara Sousa,750.136.942-99,305142689,07-24-02,M,Solteiro(a),aparecidaayla@example.org,Macedo,CE,18432225,5/10/25 3:04
75,Ian Leão,517.936.820-03,601784522,01-08-00,F,Divorciado(a),danielcavalcante@example.com,da Conceição,MG,21038-862,7/10/25 16:16
76,Renan Pimenta,901.837.624-87,862043517,11-03-93,M,Solteiro(a),lferreira@example.net,Lima,RS,48695-946,1/24/26 20:33
77,Rafaela Cavalcanti,587.264.931-28,215736084,08-30-72,M,União estável,isis90@example.org,Ribeiro,SE,30988-392,11/26/25 17:25
78,Sr. Alexandre Castro,146.253.870-35,805674214,07-24-88,M,Solteiro(a),cecilia43@example.net,Vasconcelos dos Dourados,RO,90714-163,11/28/25 20:04
79,Levi Jesus,580.921.674-94,514732805,03-11-00,F,Solteiro(a),luiz-otavio37@example.net,Gonçalves de Goiás,SP,8678085,5/5/25 23:12
80,Emanuella Marques,187.250.463-90,612845072,12-11-52,M,Casado(a),vpimenta@example.com,Cavalcanti,PA,28857-448,10/4/26 11:35
81,Miguel Brito,203.697.815-03,452876102,12-08-65,F,União estável,miguel99@example.net,Dias,MT,49647-598,6/27/26 15:53
82,Eloah Cirino,023.589.147-97,18034657X,10-21-73,M,Divorciado(a),caldeiravinicius@example.net,Pires de Souza,RS,88457-831,10/6/25 3:14
83,Dr. José Pedro Cassiano,408.912.657-67,782036454,09-20-93,F,Casado(a),marcos-vinicius68@example.com,Sampaio do Amparo,DF,02080-214,4/2/25 0:08
84,Sra. Alexia da Conceição,120.398.654-89,57802634X,04-01-55,M,Divorciado(a),ibarbosa@example.com,Mendes da Mata,DF,03136-502,2/22/26 15:37
85,Bárbara Gonçalves,308.459.167-93,32804765X,01-12-39,F,Divorciado(a),stellavieira@example.org,Siqueira dos Dourados,GO,18274485,6/19/25 1:27
86,Sofia Garcia,205.641.938-60,861437251,07-02-59,F,União estável,henry18@example.net,Martins,SE,58650948,8/21/24 1:28
87,Kevin Barbosa,381.057.962-95,834517206,06-30-91,F,Solteiro(a),maria-cecilia61@example.org,Machado de Gonçalves,AC,49082404,11/7/26 10:41
88,Levi Almeida,482.063.759-29,458172601,03-14-77,M,Casado(a),eduardosilveira@example.com,Dias,PI,58320679,9/15/25 13:51
89,Henry Lopes,462.170.359-52,862034759,08-03-91,M,Divorciado(a),mnovais@example.com,Pinto de Casa Grande,PB,33521103,6/15/26 13:08
90,João Pedro Albuquerque,514.360.279-34,347861209,01-17-63,M,União estável,da-cunhaluigi@example.org,Montenegro,PB,3845762,4/8/24 18:50
91,Maria Fogaça,439.602.851-24,327810646,07-26-73,M,União estável,larada-costa@example.net,Cirino,MT,5664742,11/2/26 11:42
92,Davi Lucca Cirino,043.815.967-57,724638015,06-06-71,M,Solteiro(a),luancorreia@example.org,Moreira,AM,70388-608,1/5/25 8:25
93,Ana Julia Correia,476.283.195-64,23568744,04-09-48,M,Solteiro(a),isabeljesus@example.com,Vargas,CE,92222-064,5/3/25 11:04
94,Laura Pires,219.804.756-01,784063527,07-17-78,M,Solteiro(a),amarques@example.com,Cavalcanti da Serra,RO,99982-795,2/6/26 18:59
95,Kaique Duarte,561.834.072-08,215863409,08-05-86,M,Divorciado(a),caldeirasarah@example.org,Pires de Vieira,AM,96605583,7/30/24 14:48
96,João Miguel da Cunha,148.762.039-03,568470321,06-09-59,M,União estável,maria-luiza70@example.net,Fernandes,MG,99629145,12/22/25 21:19
97,Noah Borges,735.821.906-68,506173240,11-19-93,M,Divorciado(a),mateusfernandes@example.com,Almeida Verde,SP,35334-485,6/2/26 20:52
98,Bárbara da Mata,294.067.531-70,852167040,04-14-58,F,Casado(a),valentina70@example.org,Sampaio,PB,74773329,1/26/25 20:48
99,Dr. Fernando Sampaio,597.308.641-01,786124301,08-19-72,M,União estável,ysilva@example.org,Cavalcanti,RO,97199758,1/10/24 16:45
100,Emanuelly das Neves,618.543.270-62,136840723,08-15-68,F,Casado(a),heloisa99@example.com,Sampaio Verde,MG,66668-327,10/31/24 22:50
101,Maria Isis Fonseca,624.951.708-11,25361879,09-06-82,F,Viúvo(a),ymarques@example.net,Santos de Freitas,AM,12847-818,3/5/26 10:18
102,Joaquim Melo,184.702.596-01,874523163,08-31-56,M,Solteiro(a),salesana-julia@example.net,Pastor,SC,75243728,4/13/26 1:10
103,Sr. Diogo Peixoto,276.831.590-77,35072684X,05-06-69,M,Viúvo(a),eda-rosa@example.net,Brito Paulista,RS,73938-525,8/26/25 9:14
104,Alexia Azevedo,061.493.257-25,430685725,09-12-04,F,Viúvo(a),santosisaque@example.org,Azevedo de Mendonça,DF,27128-639,4/11/25 7:27
105,Joana Caldeira,018.452.397-41,20753861X,04-08-01,F,Viúvo(a),moraesmariane@example.com,Ribeiro do Oeste,MA,15717-320,10/12/24 9:58
106,Dra. Isabella Mendonça,614.379.058-20,56783425,06-22-94,M,Solteiro(a),irocha@example.org,Azevedo,SE,65651982,3/14/25 6:43
107,Augusto Pastor,251.097.364-99,823140672,04-20-93,M,Viúvo(a),kvasconcelos@example.org,Pires,TO,56083-318,5/7/26 21:23
108,Maria Cecília Teixeira,893.751.206-86,125368070,01-07-39,F,Solteiro(a),alice36@example.com,da Costa,SC,36317-970,3/5/26 20:22
109,Henrique Pimenta,726.813.594-73,432108579,08-31-43,M,Casado(a),amarques@example.org,Pastor,BA,60078068,6/5/25 9:46
110,Srta. Milena Monteiro,310.569.874-48,435067217,05-14-47,M,União estável,voliveira@example.net,Aragão do Campo,MG,79055-281,4/9/25 23:42
111,Davi Miguel Farias,381.594.720-05,582436072,08-10-62,F,Casado(a),gmendonca@example.net,da Rocha,PA,75670431,7/8/24 11:04
112,Vicente Ramos,569.782.341-09,748125309,11-26-70,F,Casado(a),calebe25@example.com,Machado da Prata,CE,10672-752,7/25/24 12:02
113,Dra. Sofia Farias,479.681.350-01,701548630,11-15-64,F,Viúvo(a),maitefogaca@example.org,Freitas do Sul,MA,54781-376,1/3/26 10:34
114,Enrico Siqueira,692.845.037-10,476820510,04-01-42,M,Solteiro(a),rporto@example.com,Leão da Serra,PR,1471959,8/7/25 8:23
115,Joana Pires,715.496.083-39,27316853,06-17-55,F,União estável,wporto@example.org,Vasconcelos do Amparo,PA,21328-338,10/13/25 11:05
116,Yasmin Silva,816.305.947-84,548213677,02-15-48,M,Solteiro(a),benjamin13@example.org,Rios do Sul,SP,19393250,9/26/24 16:15
117,Sra. Marcela Fogaça,283.460.597-10,835126407,08-17-06,M,Solteiro(a),cunhamirella@example.net,Barros,MT,16479-473,8/30/25 23:44
118,Paulo Correia,175.903.862-86,810734266,05-09-89,M,Casado(a),davi-luccafonseca@example.org,Pires,BA,10170269,11/30/25 12:14
119,Kevin Pinto,918.543.607-01,784265306,03-02-05,F,Viúvo(a),lopesisaac@example.com,Montenegro,AL,47969-545,5/9/24 5:35
120,Ana Clara Cardoso,590.682.371-95,583201477,12-11-82,F,Casado(a),salesdavi-lucca@example.com,Montenegro de Teixeira,RO,29456-371,3/28/26 5:54
121,Hadassa da Paz,409.731.825-04,54078316X,11-27-60,F,Solteiro(a),rezendeana-julia@example.net,Nunes do Norte,PE,57232466,12/3/25 3:13
122,Gustavo Jesus,492.758.130-60,128067433,03-06-76,M,Viúvo(a),plima@example.org,Moreira,RO,71391-559,11/1/26 21:36
123,Dra. Isabela Lima,321.768.954-28,74285312,03-21-70,M,Viúvo(a),agathaviana@example.org,Macedo,RS,60417-765,12/28/25 9:37
124,Enrico Sampaio,481.239.670-04,25318469,02-06-81,F,Viúvo(a),enzo12@example.org,Borges,PB,42069694,8/11/24 9:20
125,Sr. Dante Albuquerque,867.953.042-56,342587018,01-25-98,F,Viúvo(a),alexiasiqueira@example.net,Brito,PI,5375990,7/26/24 6:44
126,Maria Helena da Rosa,652.409.138-89,872310462,11-26-45,F,Casado(a),diascaio@example.org,Santos,PB,17075-877,7/17/25 11:35
127,Srta. Camila Ferreira,134.967.280-78,23816752,01-05-00,M,Divorciado(a),da-pazjoaquim@example.com,Souza,AP,16423-610,5/4/26 23:39
128,Mathias Vasconcelos,642.073.851-26,257081343,10-03-00,M,Solteiro(a),kda-mata@example.net,Rodrigues,MA,86490810,1/8/25 9:40
129,Mariana Jesus,174.268.053-44,178630457,07-23-99,M,Divorciado(a),ana-sophia97@example.net,Sales das Flores,SE,12203-103,10/4/26 20:32
130,Rodrigo Rezende,236.754.108-62,723604587,06-26-89,M,Solteiro(a),emendonca@example.org,Moura,AC,95814-671,7/18/25 19:09
131,Manuella Machado,602.751.349-70,384527012,01-05-88,F,União estável,rleao@example.net,Fogaça da Serra,CE,15619318,2/1/25 1:28
132,Luigi Viana,504.197.823-97,786054232,02-08-72,M,Solteiro(a),isaaccostela@example.com,Cassiano,SP,32666-785,11/6/26 17:57
133,Clara Vargas,081.925.367-77,67815248,01-03-66,M,Casado(a),ana-sophia50@example.com,Moreira Alegre,SP,894346,7/13/26 7:34
134,Bento Freitas,485.067.319-84,751846326,04-28-56,M,União estável,gabrielamoreira@example.net,da Luz Verde,PR,77622-827,12/23/25 20:18
135,Théo Moura,137.809.254-60,182460538,02-24-44,M,Casado(a),evelyn44@example.com,Teixeira,BA,77251-996,1/5/25 5:33
136,Maitê Nogueira,074.591.628-76,815407269,09-06-05,F,Solteiro(a),maria-lauramontenegro@example.org,Borges do Campo,AM,42241246,11/30/25 1:47
137,Luan Cirino,094.382.167-31,467051823,07-17-71,M,União estável,rcamargo@example.org,Freitas,PI,38687007,6/24/26 10:33
138,Lavínia Rezende,208.394.561-15,534620784,02-07-57,M,União estável,hsampaio@example.org,Rocha,CE,87681-180,5/5/26 8:54
139,Melina Rocha,156.742.308-62,172830461,02-12-90,M,Viúvo(a),matheus19@example.net,Souza,AP,49384308,10/14/25 5:06
140,Mirella Abreu,605.392.841-06,754018623,03-06-74,F,Divorciado(a),anthony63@example.com,Farias,PE,19971791,9/22/24 20:18
141,Arthur Gabriel Garcia,512.036.798-40,185046721,11-16-64,M,Divorciado(a),mda-conceicao@example.net,Leão do Amparo,SC,23200-249,5/6/25 17:49
142,Maria Alice das Neves,982.137.465-46,28146578,10-26-49,M,Divorciado(a),nathanviana@example.org,Sousa das Flores,DF,20501-508,10/14/24 12:12
143,Pedro Lucas Correia,950.718.263-21,42781506X,05-28-48,F,Casado(a),guilherme02@example.com,Nascimento,MA,53042897,12/22/24 5:00
144,Ravy Vieira,912.436.785-00,257843619,02-20-70,F,Viúvo(a),yporto@example.net,Lima dos Dourados,PB,65754-602,10/6/25 0:13
145,Breno Fogaça,149.627.035-52,504128632,10-21-53,F,Solteiro(a),mateus92@example.net,Lima,SP,37780-529,4/21/26 14:55
146,Anthony Monteiro,593.768.210-68,02174368X,10-22-04,M,Viúvo(a),nascimentohelena@example.org,Cavalcante,MT,62128-671,2/5/25 12:23
147,Davi Lucca Costela,467.195.230-07,872105349,01-10-95,M,Solteiro(a),sarafarias@example.net,da Mota,RS,13768-151,1/25/26 4:00
148,Lunna Jesus,724.190.358-79,76253140X,03-05-36,M,União estável,santosjoao-gabriel@example.com,Cassiano dos Dourados,MS,30837081,3/5/25 16:53
149,Pedro Miguel Aragão,908.631.457-01,310864756,11-03-85,F,Casado(a),camaragael@example.net,Cunha dos Dourados,ES,49501364,3/2/26 0:59
150,Bella Silva,824.079.356-83,528673014,03-11-36,F,Solteiro(a),ggarcia@example.net,Carvalho Paulista,MT,86403553,12/19/24 17:03
151,Josué Rodrigues,365.190.487-39,305164727,10-25-78,M,Divorciado(a),ravymontenegro@example.org,Teixeira Grande,TO,06614-982,8/30/25 5:05
152,José Miguel Garcia,749.238.501-32,271650345,07-06-71,F,Casado(a),vgoncalves@example.com,Pires do Sul,RR,49724399,6/17/26 14:52
153,Anthony Gabriel Camargo,168.540.937-75,645273818,02-17-89,F,União estável,caldeiracatarina@example.org,Cirino,DF,23467912,9/18/24 15:56
154,Marcos Vinicius Campos,415.098.376-39,82745365,07-09-73,F,União estável,garciaraquel@example.com,Sampaio de Goiás,MS,97863-050,10/28/25 7:50
155,Luan Rocha,739.854.012-41,715328402,01-20-99,M,União estável,cardosomaysa@example.org,Borges de Vieira,RR,39915-668,6/28/26 4:33
156,Isabel Câmara,419.065.237-70,158230644,08-18-78,F,Solteiro(a),hellenalima@example.com,Pires de Cunha,PR,60523-302,9/4/26 5:23
157,Sra. Letícia Ribeiro,206.935.714-70,142583066,01-03-59,M,Divorciado(a),santosana-julia@example.com,Pastor das Pedras,BA,30136-749,6/19/26 15:33
158,Maria Flor Vasconcelos,176.253.804-08,180347652,07-15-55,M,Solteiro(a),vieiraluiz-miguel@example.com,Abreu,PI,51029-321,6/9/25 6:10
159,Bryan Campos,845.913.067-39,45731263,04-19-86,M,Divorciado(a),stephany83@example.net,Sales Grande,PI,14359892,5/24/25 22:30
160,Levi Viana,690.417.283-50,860275139,03-27-46,F,União estável,yanalbuquerque@example.org,Mendes Verde,BA,08222-694,8/29/24 23:33
161,Dra. Maria Eduarda Santos,367.192.548-55,468512305,09-19-04,M,Divorciado(a),uvargas@example.org,Sampaio da Prata,SC,38909-728,5/13/26 13:43
162,Breno Fonseca,285.037.461-07,157840621,10-28-70,M,Divorciado(a),paulo09@example.com,Barros,PE,61702437,7/5/25 3:59
163,Luiz Otávio Lima,284.035.167-62,602517345,06-29-38,F,Divorciado(a),vleao@example.com,Lima do Sul,PA,44716-392,6/1/26 1:34
164,Josué da Mota,143.579.620-99,821465077,05-11-64,M,Solteiro(a),matheus26@example.org,Abreu,AL,34749-162,1/22/25 15:18
165,Maria Clara Farias,418.509.732-88,581726431,02-12-41,F,Divorciado(a),cardosoisaque@example.org,Azevedo do Amparo,PA,29424090,2/22/26 15:37
166,Srta. Maria Laura Monteiro,891.734.526-37,641805275,12-10-78,M,Solteiro(a),vieiraolivia@example.com,Abreu,RS,95518-426,9/5/26 13:56
167,Luan Araújo,053.821.697-21,648571300,03-24-59,F,Casado(a),isabelacassiano@example.com,Marques,RS,18209-166,6/8/24 11:55
168,Augusto Cardoso,314.857.092-88,856701439,04-01-91,F,Casado(a),tcastro@example.com,Câmara das Flores,RO,72131451,10/15/25 2:51
169,Luiz Miguel Barros,028.347.156-53,247850160,11-11-83,F,União estável,eduardo02@example.net,Gomes,PA,88788-361,9/19/25 17:56
170,Valentina Oliveira,319.208.546-06,210857341,01-28-46,F,União estável,nda-cruz@example.org,Cassiano da Serra,PR,84765704,11/10/24 15:24
171,Arthur Gabriel Pereira,289.035.471-79,845136707,08-16-73,M,Solteiro(a),otavioguerra@example.net,Castro da Prata,AM,39043830,1/13/25 22:11
172,Augusto Nunes,708.296.514-11,632781403,09-28-59,M,Casado(a),montenegrokaique@example.org,da Costa do Oeste,RN,29710248,4/17/26 1:56
173,Theo Brito,752.910.638-40,510732847,07-04-91,M,Divorciado(a),irezende@example.org,Caldeira,MA,29613-671,3/4/25 6:10
174,Yasmin Martins,192.503.468-24,512643076,11-25-43,M,Viúvo(a),iandrade@example.org,Silva dos Dourados,PA,42016542,12/14/24 10:36
175,Rafaela Melo,826.954.307-10,127560385,09-22-03,M,Solteiro(a),hdias@example.net,Montenegro do Campo,RR,76655-868,3/7/26 21:40
176,Sr. Felipe Marques,652.491.387-64,64570832X,12-23-82,F,Divorciado(a),fcaldeira@example.net,das Neves das Pedras,RO,6000258,3/13/26 9:12
177,Luiza Farias,263.471.508-08,265138401,06-26-67,M,Divorciado(a),santosjose@example.net,Cirino de Goiás,RS,43836404,9/20/24 23:13
178,Antônio Porto,918.340.567-48,420637515,11-26-42,M,Casado(a),jesusdiogo@example.com,Campos do Oeste,RN,80882351,9/5/26 18:04
179,Luan Carvalho,312.769.804-69,843567211,11-20-02,M,Divorciado(a),luiz-felipe34@example.com,Moraes,GO,49856-012,5/3/26 8:28
180,Ester Fogaça,319.526.870-12,57821343,01-03-01,F,União estável,gomesalice@example.net,Pastor das Flores,ES,40907426,8/18/24 9:34
181,Vitória Aparecida,501.386.274-44,560423871,07-04-64,M,Casado(a),pmonteiro@example.org,da Luz,MT,42297-125,12/4/26 23:04
182,Maria Sophia Porto,713.495.286-09,312605845,12-09-83,M,Casado(a),eduardobarbosa@example.com,Vasconcelos,MG,14624912,6/24/25 1:59
183,Daniel da Costa,072.893.416-78,182374567,08-19-72,F,Solteiro(a),macedoyago@example.com,Azevedo,PI,43966613,9/1/26 11:33
184,Sra. Sabrina Costela,235.794.680-65,124563788,10-16-97,M,Divorciado(a),luigidias@example.net,Nunes,RO,38822-114,1/3/26 14:13
185,Dr. Samuel Sousa,584.932.710-04,548273017,08-13-85,F,Casado(a),casa-grandejuliana@example.org,Aparecida,RJ,91679-541,6/30/26 13:02
186,Clara Martins,284.761.953-46,140368577,09-06-39,F,Casado(a),anthony65@example.net,da Luz,MA,29659-234,10/29/24 11:37
187,Gabriela da Rosa,419.753.862-64,12437685X,10-10-66,M,Viúvo(a),djesus@example.org,Farias,RN,49750198,1/13/26 10:55
188,Gustavo Moreira,287.165.934-64,07451832X,09-22-46,M,Viúvo(a),moreiragael@example.org,Cavalcante,PE,77441975,11/22/25 2:32
189,Maria Isis Sampaio,176.839.042-87,160427587,08-31-38,M,Casado(a),joao-lucas77@example.com,Oliveira,RR,25995-996,9/9/24 17:20
190,Emanuel da Conceição,197.532.840-04,125360484,11-29-43,F,Divorciado(a),macedoevelyn@example.net,Abreu,MS,98152-873,3/22/26 10:02
191,Olívia Montenegro,592.603.471-06,187420361,05-21-52,F,Casado(a),augusto34@example.com,Costa Alegre,SP,23850371,2/3/26 21:14
192,Ana Carolina Ferreira,169.437.250-25,103482568,09-14-57,M,Solteiro(a),asafearaujo@example.org,Borges,RJ,36890030,9/16/24 7:52
193,Pedro Lucas Cirino,405.291.687-58,715062347,07-09-71,M,Viúvo(a),pedro-lucas74@example.com,Sampaio,PB,10704-496,2/26/25 19:27
194,Bento da Mota,967.035.482-00,361580277,02-11-37,F,Divorciado(a),benjamim95@example.com,Barros de Goiás,SP,59609-454,11/15/25 22:03
195,Alice Campos,459.613.708-01,78231462,11-11-77,M,Divorciado(a),da-motaana-sophia@example.org,Nogueira do Norte,RN,51187181,11/1/25 11:20
196,Dr. Oliver Barbosa,642.078.513-80,572401383,10-14-56,F,União estável,benjamimcaldeira@example.net,Pereira,PR,54394-353,2/26/26 0:32
197,Sr. Rafael Dias,137.582.096-68,574136022,02-18-03,F,União estável,joanarocha@example.net,Lopes,AC,12886652,12/5/25 5:58
198,Isabella Silva,415.629.073-52,153674829,08-30-86,F,Solteiro(a),nicolebarros@example.org,Sá da Serra,BA,36849951,2/4/25 2:15
199,Dante da Paz,478.162.930-03,341067520,08-16-05,M,Divorciado(a),anthony-gabrielmendonca@example.org,Montenegro,MT,78150-618,11/3/25 7:28
200,Ana Carolina Porto,032.481.657-07,276138041,11-22-81,M,União estável,moreirapaulo@example.org,da Rocha de Brito,ES,46753612,6/26/25 20:17
201,Sr. Luiz Felipe Sampaio,627.934.580-74,42713857,08-26-54,F,Solteiro(a),juliana67@example.com,Fogaça da Prata,AP,83583286,11/4/26 9:00
202,João Vitor Castro,596.147.032-61,814350677,07-24-57,M,União estável,thalesandrade@example.com,Marques do Oeste,AM,97646-136,5/9/25 3:52
203,Larissa Sampaio,893.706.415-48,734081625,12-05-70,F,Divorciado(a),ramosana-livia@example.com,Abreu Paulista,RR,87875357,12/22/25 4:17
204,Anna Liz Caldeira,619.807.532-02,710358246,06-10-45,F,Viúvo(a),aguerra@example.com,Albuquerque de Dias,PA,27104331,8/19/25 4:00
205,Sr. Bento Pinto,721.854.930-60,342876156,05-10-03,M,Viúvo(a),eduardopastor@example.org,Cavalcante,PR,51028767,3/18/25 7:07
206,Bárbara da Costa,869.735.214-28,814752305,12-11-96,M,Divorciado(a),smendonca@example.com,da Cunha do Galho,AC,04760-440,1/7/26 18:18
207,Ravy Pereira,792.354.061-61,25614836,10-06-96,M,Viúvo(a),araujolivia@example.net,da Mota,RN,86204485,10/16/24 8:28
208,Aurora Nunes,718.096.534-01,201583744,08-01-58,M,União estável,joaodas-neves@example.org,Nascimento,RJ,65435884,9/26/24 15:52
209,José Pedro Cunha,740.981.365-20,584360174,04-07-81,M,Divorciado(a),castrolaura@example.com,da Rosa do Norte,ES,66496902,7/31/25 12:28
210,Vinicius Costa,928.570.413-14,573160247,08-03-50,F,Solteiro(a),ana-juliadas-neves@example.org,Guerra,SP,46968-157,11/23/25 16:42
211,Amanda Câmara,923.865.041-15,138760548,04-05-67,F,União estável,hadassa26@example.org,Lima do Norte,MA,41978-575,3/31/26 0:18
212,Sr. Felipe Lima,861.702.459-30,603274158,09-05-62,F,Solteiro(a),thiago65@example.net,Porto,PR,45793-897,8/21/24 1:15
213,Dr. Arthur Miguel Casa Grande,916.450.238-42,680127537,06-28-93,F,União estável,ana-julia98@example.net,Brito de Goiás,ES,53194979,5/25/25 17:24
214,Luísa Nogueira,670.295.418-20,78146352X,11-28-37,F,Viúvo(a),piresmariah@example.net,Garcia,RN,16331942,4/15/26 3:39
215,Sra. Maria Luísa Fogaça,364.280.591-42,368725042,04-10-64,F,Viúvo(a),nascimentobruna@example.com,Souza,RN,88327-532,2/7/25 6:34
216,Srta. Luna Cardoso,410.893.576-48,328407562,04-18-69,F,União estável,abreubenicio@example.net,Teixeira Verde,SP,25652373,1/31/25 13:58
217,Sr. Raul Santos,734.268.519-46,406152731,10-22-99,M,Casado(a),ana42@example.net,Ferreira,RS,98585672,4/19/26 10:53
218,Emanuella Mendes,601.279.584-01,415723607,11-15-96,F,Viúvo(a),nathanfonseca@example.net,Novaes Paulista,AP,12840333,9/23/25 4:34
219,Pietra Martins,180.257.934-60,713805262,06-14-57,M,União estável,pachecolorena@example.org,Camargo de Sá,CE,05877-221,1/28/26 20:23
220,Liz Brito,752.106.439-99,570821460,10-03-59,F,Viúvo(a),isabelaviana@example.org,Araújo das Pedras,MS,74033445,8/8/24 15:53
221,Maria Helena Duarte,893.614.750-10,13827406X,06-10-85,M,Divorciado(a),rda-cruz@example.net,Oliveira da Prata,SP,88402-155,5/14/26 12:35
222,Hadassa Cirino,573.829.146-82,401738620,10-25-93,F,Casado(a),moraesevelyn@example.org,Sousa de Cassiano,RS,12957-860,11/5/25 15:04
223,André Pinto,608.123.947-04,578612306,04-05-49,F,União estável,noahdas-neves@example.org,Alves dos Dourados,SC,60776336,9/26/25 12:09
224,Caleb Cavalcanti,891.760.325-40,561702834,09-09-72,F,Viúvo(a),aalmeida@example.com,Sales,PR,9345962,5/24/25 14:39
225,Valentim Cassiano,251.670.348-17,658247037,05-10-59,F,Viúvo(a),vandrade@example.org,Cardoso Alegre,RO,91779-323,2/8/25 8:48
226,Henry Gabriel Ribeiro,196.240.853-15,248536011,12-05-66,M,União estável,bernardosouza@example.com,Rezende do Galho,MT,24578-715,1/30/26 22:01
227,Benício Viana,560.417.938-84,14825360X,04-02-06,F,Casado(a),isabellamoraes@example.org,da Mota,AL,46867-752,12/31/25 10:35
228,Alexandre Barbosa,489.157.036-93,283156041,05-02-64,M,Divorciado(a),theoferreira@example.org,Cassiano de Barbosa,SP,40641-769,11/22/24 10:02
229,Dra. Raquel Teixeira,431.059.267-80,680572314,07-08-01,F,Solteiro(a),larissa45@example.org,Teixeira,ES,99660-577,9/14/25 4:21
230,Ana Carolina Guerra,603.418.295-60,605324815,11-04-61,M,Divorciado(a),yurimachado@example.org,Porto de Cirino,SP,34755-752,6/23/26 2:53
231,Sr. Daniel Correia,948.675.130-75,310548767,10-25-87,M,Casado(a),isabella26@example.org,Macedo de Leão,PI,62896964,12/20/25 15:05
232,Dr. Pedro Freitas,539.420.186-24,820437657,02-14-88,M,Solteiro(a),maria-florda-mata@example.net,Lopes de Santos,SP,63748453,11/9/25 15:13
233,Maria Luísa Casa Grande,850.472.936-29,865174209,07-25-96,M,Casado(a),rezendemaya@example.net,Fernandes,PB,84090805,9/30/24 2:50
234,Vinícius Albuquerque,056.294.783-38,371462083,02-05-79,F,União estável,lunnasantos@example.org,Camargo de Rios,PI,53523736,8/21/24 17:54
235,Rhavi Ribeiro,918.562.340-70,451362780,01-23-65,M,Viúvo(a),fbarros@example.org,Gomes do Oeste,MS,68828503,2/10/24 10:15
236,Henry Silva,513.784.069-66,31207654X,11-23-95,F,União estável,isadora02@example.org,Barbosa,RS,12712852,11/6/26 13:47
237,Miguel da Paz,849.672.031-40,314876200,10-15-69,M,Viúvo(a),camargoraul@example.org,Ramos,AL,62481-323,3/24/25 17:23
238,Sra. Amanda Macedo,134.795.208-04,164708236,04-08-62,F,Viúvo(a),gustavo-henriquerodrigues@example.org,Porto dos Dourados,PR,78532426,7/22/26 5:12
239,Léo Sousa,064.193.725-34,628571343,01-22-00,M,Casado(a),csiqueira@example.com,da Rosa de Vasconcelos,RN,03358-268,2/6/25 18:34
240,Amanda Sales,362.754.189-82,328761503,03-24-91,M,Solteiro(a),ndias@example.net,Brito da Prata,CE,26189628,8/29/25 19:47
241,Lara Sales,312.905.867-21,671042853,03-17-68,F,Casado(a),mendoncacatarina@example.com,Moreira do Sul,PR,20344-765,8/20/24 22:00
242,Dra. Natália Ribeiro,150.947.862-02,378602512,01-21-60,M,União estável,tjesus@example.com,Vasconcelos,AP,591297,10/26/25 7:11
243,Sr. Davi Araújo,231.705.468-80,305782460,04-22-70,F,Solteiro(a),mayapereira@example.net,Peixoto das Pedras,PE,36453-804,12/2/25 22:59
244,Benício Araújo,175.804.369-57,12468575,08-20-88,M,Solteiro(a),manuella57@example.com,Garcia Grande,MG,06229-231,3/8/24 8:04
245,Clarice da Mata,530.861.294-33,387465108,02-17-71,F,Casado(a),fogacaheitor@example.org,Sales Grande,MS,10756-335,7/12/25 3:23
246,Dr. João Lucas Novais,593.124.680-06,374802567,06-08-63,F,União estável,aurorabarros@example.net,Ramos,DF,40388436,5/27/25 8:26
247,Kaique da Luz,324.069.518-98,275341860,03-12-90,F,Viúvo(a),da-motamaria-alice@example.com,Ramos,MA,99080-271,5/30/26 11:34
248,Dom Caldeira,823.095.461-51,513640277,05-29-82,F,União estável,jsales@example.net,Monteiro do Sul,RO,81039-033,9/21/25 1:03
249,Luiz Fernando Sampaio,152.398.074-50,458316271,12-21-59,F,Casado(a),vicente61@example.net,Cunha do Galho,AC,03253-765,6/21/25 20:10
250,Eloah Mendonça,784.651.023-17,84752610,01-17-68,F,Viúvo(a),gaelaragao@example.com,da Mata do Sul,RR,12316-600,7/20/25 17:20
251,Maria Sophia Cavalcanti,091.625.387-21,46153822,04-28-99,F,Casado(a),snovais@example.com,Rocha de Nogueira,PA,61942-557,6/16/25 15:25
252,Eloah Aparecida,582.476.190-67,360874253,07-25-77,F,União estável,isis23@example.net,da Costa das Flores,MA,81300041,12/20/24 15:18
253,Ana Sophia Azevedo,471.326.058-44,562173481,04-12-81,F,Casado(a),rochamariane@example.org,Souza Alegre,ES,05487-396,9/29/24 17:26
254,Carolina Pastor,087.941.352-23,802473519,12-20-56,F,Viúvo(a),brunoda-rocha@example.net,Cardoso,SC,77560858,8/10/24 0:50
255,Ana Beatriz da Mota,689.075.231-77,764150327,10-11-41,M,Divorciado(a),matteomachado@example.net,Pacheco do Galho,AC,25373-377,7/7/25 1:41
256,Erick Gomes,891.756.403-84,814753267,01-01-04,M,Divorciado(a),joana06@example.org,Vargas,RS,54647548,7/10/25 12:30
257,Ravy Moraes,762.390.814-69,48267135X,10-13-01,F,Divorciado(a),ceciliadas-neves@example.org,Cirino do Amparo,MS,67497852,1/24/25 10:29
258,José Campos,689.071.243-96,847631503,03-18-07,M,Casado(a),gpeixoto@example.com,Pinto Paulista,MA,33399-948,6/4/25 15:02
259,Dom Almeida,853.176.092-59,47061352X,05-02-69,M,Casado(a),luiz-felipecamara@example.com,Duarte do Sul,PR,79352-196,11/22/24 8:44
260,Giovanna Cunha,596.217.834-37,35687241,10-12-63,F,Casado(a),eloah60@example.com,Borges,RN,41847242,10/4/26 11:33
261,Francisco da Conceição,642.801.573-08,247351088,09-07-94,M,Solteiro(a),eduardoazevedo@example.org,da Costa,RN,94737-213,11/17/24 18:23
262,Ana Cecília Azevedo,620.834.591-05,864372516,04-06-90,F,Viúvo(a),gcavalcante@example.com,Casa Grande,AC,74767753,6/25/25 19:05
263,Ana Júlia da Cruz,214.906.387-50,142753087,01-07-40,F,União estável,mathias48@example.org,Teixeira de Mendonça,PA,89812657,7/1/26 16:11
264,Juliana Casa Grande,231.489.506-15,48153266,01-14-66,F,Viúvo(a),leticianovaes@example.net,Pires Alegre,PE,98493306,10/7/25 11:25
265,Dr. Theo Silveira,604.928.157-20,387102565,02-28-66,M,Casado(a),ana-clara13@example.org,Fernandes,CE,96111-102,8/21/25 2:16
266,Ayla Vieira,208.317.569-77,510724632,04-14-08,F,Viúvo(a),aparecidaalexandre@example.org,Andrade das Flores,MT,77584466,3/3/26 20:04
267,Leonardo Rios,538.719.062-12,120384760,04-03-56,M,União estável,antonella93@example.net,Souza das Pedras,RO,92024-617,4/22/26 21:58
268,Sr. Asafe Carvalho,387.215.906-21,58642703X,10-19-70,F,Viúvo(a),otaviocasa-grande@example.com,Dias,TO,74403946,1/2/25 5:00
269,Heloísa Aparecida,379.806.541-10,860427134,07-17-74,M,Divorciado(a),igor36@example.net,Barbosa,BA,3142175,10/19/24 1:46
270,Nina Moraes,174.602.593-06,634208755,03-13-46,F,Viúvo(a),rebecasales@example.net,Andrade,PB,9505560,6/30/26 15:02
271,Antonella Carvalho,189.473.625-73,106528348,12-22-56,F,União estável,araujoana-clara@example.net,da Luz,SP,51293-913,8/27/24 5:10
272,Yan Sá,814.752.093-04,460528373,07-19-45,M,Viúvo(a),pastoranthony@example.org,Oliveira do Oeste,PR,6396384,3/30/25 20:17
273,Maria Sophia Pacheco,493.807.261-04,13472689,08-24-77,M,Divorciado(a),riostheo@example.org,Ribeiro do Galho,RO,73236-533,7/15/25 5:41
274,Pedro Henrique Aragão,406.318.925-24,841302765,12-12-55,F,Viúvo(a),avargas@example.com,Camargo,GO,84148-460,6/9/24 8:39
275,Isaque da Paz,432.589.067-00,564203786,06-22-43,M,Viúvo(a),lais44@example.net,da Conceição,PA,37681187,12/29/25 3:56
276,Heitor Cunha,510.274.398-88,730216846,04-21-93,F,Viúvo(a),caiomelo@example.net,Castro,ES,23332470,11/17/25 16:41
277,Davi Luiz Andrade,135.728.960-02,273018565,08-07-85,M,Viúvo(a),fcaldeira@example.org,da Mota de Dias,GO,3646871,4/22/26 8:00
278,Davi Lucas Aragão,381.495.702-41,836150272,08-03-53,M,União estável,fernandessabrina@example.net,Fernandes do Sul,AL,15291,9/20/24 17:26
279,Rodrigo Brito,785.094.623-56,583702168,07-03-47,M,Viúvo(a),valentinamendes@example.com,Borges da Praia,SC,82669-136,8/11/24 9:43
280,Thomas da Conceição,590.261.387-68,805376422,01-07-65,M,Solteiro(a),wpinto@example.org,Silva do Oeste,PE,64321269,11/29/25 13:25
281,Srta. Stephany Oliveira,469.108.325-15,56102487X,04-26-99,F,Casado(a),oda-rocha@example.com,Siqueira,AM,38882-452,6/27/25 12:53
282,Srta. Manuela Andrade,409.165.738-93,847203566,11-06-94,F,Casado(a),borgesgabriel@example.net,Montenegro de Jesus,SP,2300915,11/2/26 3:21
283,Yan Cardoso,980.153.264-51,486703526,02-25-64,M,Divorciado(a),joao-felipe01@example.com,Machado,GO,56114-042,5/8/25 23:32
284,Ana Cecília Fonseca,053.768.429-83,810573623,06-15-04,F,Divorciado(a),moreiranicolas@example.com,Lima de Teixeira,PI,93844013,1/3/25 10:25
285,Alana Vieira,873.261.950-21,60182734X,03-31-84,M,Viúvo(a),ssales@example.org,Borges de Moreira,MA,85969325,8/9/25 8:00
286,Antônio Vargas,843.160.597-93,26345017X,10-29-07,F,Divorciado(a),zcassiano@example.net,Jesus do Campo,BA,50826-958,11/28/25 13:46
287,Juliana Borges,869.230.145-06,61587423X,10-04-77,F,Divorciado(a),da-cunhamatheus@example.com,Barros,RO,95001680,12/10/25 11:13
288,Bruno da Rocha,915.037.826-03,765102481,10-04-55,F,Divorciado(a),cmacedo@example.net,Azevedo do Oeste,DF,73125523,3/31/25 4:35
289,Bianca Martins,817.095.632-30,68135245,03-20-45,M,Viúvo(a),knogueira@example.com,Costela de Rodrigues,GO,67812778,11/23/24 18:41
290,Breno Albuquerque,217.645.809-58,461852378,10-25-92,M,União estável,wda-conceicao@example.com,Guerra,PR,68205068,4/11/24 6:47
291,Eloá Cirino,358.710.926-59,54382166,10-01-89,M,Divorciado(a),diogooliveira@example.org,Montenegro da Mata,RS,49598811,2/14/25 12:06
292,Ísis Montenegro,709.821.453-14,763145087,08-15-55,M,Solteiro(a),pimentadavi-lucas@example.net,Sampaio,GO,56695790,8/13/24 17:49
293,Enzo da Mota,825.697.401-01,761824030,10-31-81,M,Solteiro(a),sophiasousa@example.net,Caldeira de Goiás,PE,86550784,6/20/26 21:25
294,Lunna Almeida,957.682.403-65,34570681X,04-13-79,M,Casado(a),calebecosta@example.net,da Costa,SE,75009-421,2/14/25 10:34
295,Arthur Miguel Vasconcelos,527.349.081-23,804513764,11-27-61,M,União estável,oliviamoura@example.net,Siqueira Verde,PA,59428-249,5/18/26 10:58
296,Paulo Farias,029.761.845-85,317602548,06-10-50,M,Casado(a),carolina70@example.net,Moraes da Serra,MS,31832-812,8/12/24 11:10
297,Davi Lucas Costa,920.584.731-32,14732580,11-06-50,M,Viúvo(a),bferreira@example.net,Garcia de Ribeiro,PI,16082717,11/27/24 14:23
298,Helena Costa,732.609.154-43,361082459,04-20-82,M,União estável,isiscasa-grande@example.org,Pimenta de Silva,SC,27997029,11/26/24 17:02
299,Enrico Araújo,537.648.091-75,524681077,08-08-37,M,Viúvo(a),carvalhoemanuella@example.com,Sá,SE,30443619,8/4/26 1:27
300,Luna Camargo,715.689.032-86,257068417,10-15-55,F,Divorciado(a),danilopimenta@example.org,Pereira,SP,11661220,10/18/24 17:18
301,Srta. Melissa Carvalho,587.164.903-39,368210571,10-17-68,M,União estável,raquel12@example.com,Sousa,SC,39952970,9/2/26 11:33
302,Rafael Campos,243.798.561-19,648150732,05-21-00,M,Casado(a),benjamimcasa-grande@example.com,Fernandes,MT,20340-301,3/8/24 16:19
303,Dr. Theo Nunes,756.924.018-94,582314768,12-27-96,F,Solteiro(a),theodoromartins@example.com,Siqueira,RO,71290-150,6/25/25 21:50
304,Thomas Aparecida,671.803.945-48,42763186,11-01-94,M,Divorciado(a),iansantos@example.org,da Cunha de Lopes,MG,21591-832,12/15/25 7:39
305,Allana Andrade,046.379.218-13,180345278,08-17-44,F,Viúvo(a),breno04@example.net,Ramos,AP,79716698,1/21/26 3:45
306,Noah Garcia,123.780.695-02,386127049,09-05-89,M,Solteiro(a),ian97@example.org,da Costa,MS,21170-889,6/26/26 23:21
307,Sophia Alves,186.274.905-11,754613288,03-07-67,M,Solteiro(a),nogueiraluiz-felipe@example.org,Peixoto,RO,88276-970,2/2/25 12:01
308,Maria da Conceição,149.683.072-50,74516322,08-10-84,F,União estável,brendasilveira@example.com,Novais,MT,62259364,8/22/25 17:42
309,Alexandre Montenegro,934.786.120-04,627351840,01-07-79,M,União estável,limaaugusto@example.net,Farias do Sul,CE,44724-191,5/31/25 16:20
310,Ana Beatriz Correia,490.683.571-66,716482307,06-19-75,M,Divorciado(a),guerramaria-eduarda@example.net,das Neves de Montenegro,MG,15594-501,10/21/24 0:42
311,Fernando Araújo,753.890.246-56,713508267,04-09-50,F,Divorciado(a),theo62@example.org,Viana da Prata,RN,67605-642,1/8/24 20:25
312,Levi Lima,578.240.316-08,386450171,04-04-53,M,União estável,valentim66@example.org,Carvalho Alegre,RN,60112411,4/20/25 11:24
313,Isis Nascimento,860.749.512-76,784150369,12-22-67,F,Solteiro(a),da-matamaite@example.org,Porto da Serra,MS,82421-838,3/16/25 6:12
314,Luiz Miguel Sá,408.532.961-89,472518069,08-10-45,F,Viúvo(a),leandrosilva@example.com,Rezende,PI,19630453,8/15/24 14:48
315,Heloísa Duarte,892.741.605-85,86574218,09-18-67,M,Viúvo(a),olivia16@example.com,Casa Grande,PI,88486-999,5/29/25 5:54
316,Vitória Moraes,204.937.158-60,475123086,09-13-94,F,Viúvo(a),qsantos@example.org,Campos,AL,2320018,4/30/25 6:52
317,Maria Helena Camargo,097.538.426-00,432706859,02-02-01,M,Viúvo(a),antonella31@example.net,Barbosa de Farias,AC,66664110,5/14/26 10:33
318,Maria Eduarda da Rosa,193.207.658-12,470856130,08-12-66,M,União estável,ana-beatriznovaes@example.org,Alves da Praia,SE,25719-760,10/12/25 17:49
319,Davi Lucas Almeida,126.583.940-98,418062535,10-13-92,F,União estável,bruna85@example.org,Pereira,PR,89170-454,5/22/26 15:58
320,Yuri Ferreira,457.602.398-56,21738543,01-14-04,F,Viúvo(a),azevedoisabelly@example.org,da Costa de Borges,BA,16850-710,2/16/26 17:48
321,Ana Liz Borges,150.493.726-07,52308741X,10-06-39,F,União estável,muriloaparecida@example.org,Ferreira Grande,RN,47161-982,6/7/26 8:07
322,Leonardo Nascimento,139.025.687-12,86157042X,02-16-51,F,Divorciado(a),luna48@example.org,Guerra Grande,PI,55077406,11/4/25 9:56
323,Lívia Fogaça,156.974.820-94,56284172,11-21-88,M,Solteiro(a),da-conceicaoguilherme@example.org,Rios,BA,75950026,1/28/26 4:45
324,Srta. Anna Liz Dias,153.689.274-28,750326189,05-26-91,F,Viúvo(a),jose-pedromartins@example.net,Azevedo de Minas,PI,91359-928,10/4/25 17:36
325,Marcelo Rodrigues,952.073.648-47,674805124,05-21-04,M,Viúvo(a),barbosazoe@example.com,Cunha,CE,01736-542,9/5/26 22:50
326,João Pedro Caldeira,784.190.625-02,382604751,05-04-77,F,Divorciado(a),crocha@example.com,Duarte de Nunes,CE,29964260,7/1/25 1:34
327,Otto Rios,209.375.186-03,780541637,11-30-43,M,Viúvo(a),lorenzo38@example.org,Siqueira,RJ,97721-688,8/23/24 20:09
328,Lucca da Costa,783.049.125-97,248607534,10-29-47,F,Casado(a),acastro@example.org,Sampaio,AC,2030423,6/4/26 0:11
329,Pedro Lucas Monteiro,521.786.039-12,650327846,09-05-85,F,Casado(a),ferreiraravi@example.com,Sousa,PI,19662-291,2/27/26 19:32
330,Dante Leão,708.234.615-80,703165847,12-25-61,F,Divorciado(a),da-rosaallana@example.com,Casa Grande Paulista,DF,25854-218,4/4/26 9:11
331,Ana Cecília Nascimento,716.859.230-03,641872033,02-16-88,F,Divorciado(a),maria-clara25@example.net,Guerra de Pastor,RR,53536-597,7/16/26 8:44
332,Matteo Gomes,986.703.145-84,12765043X,12-05-77,F,União estável,nicole15@example.org,Rezende da Prata,RJ,32614543,12/29/25 3:18
333,Rael Nunes,637.105.428-71,751604823,04-19-42,M,União estável,anna-liz23@example.com,Jesus do Oeste,DF,01400-527,3/6/26 11:39
334,Apollo Freitas,580.761.329-59,218763402,04-22-44,M,Solteiro(a),pereiraana-julia@example.org,Silveira,MS,33222-739,8/12/24 5:33
335,Emanuella Abreu,457.861.203-17,368042510,07-17-64,M,Viúvo(a),novaesmaria-clara@example.org,Nascimento Paulista,SP,73574-223,08-07-26
336,Eduardo Casa Grande,280.574.916-20,528614733,02-13-65,F,União estável,ncirino@example.com,Ribeiro,AP,62608463,12/9/25 9:40
337,Sra. Maria Clara Gomes,154.630.298-06,125607489,11-26-06,M,Viúvo(a),diego19@example.net,Barbosa,RN,12124-139,1/16/25 8:19
338,Sra. Maria Luiza Martins,876.045.392-38,263710853,06-03-45,F,Viúvo(a),wrocha@example.org,Cirino de Goiás,AM,2191505,12/7/25 14:09
339,Júlia da Paz,974.305.861-39,873256141,04-16-57,M,Solteiro(a),cpastor@example.com,Macedo de Barros,AM,29635-305,9/28/25 22:50
340,Srta. Emanuelly Freitas,512.483.670-90,641027382,03-18-80,F,Casado(a),alexia66@example.org,Moura,SP,23095862,7/10/25 15:01
341,Helena Oliveira,894.015.637-48,205173469,05-31-59,F,Casado(a),matheus46@example.com,Vasconcelos,AM,75658963,3/20/25 23:36
342,Dr. Alexandre Novais,613.025.498-98,563104788,01-23-39,F,União estável,ana-carolinacirino@example.org,Santos Grande,RJ,69021-774,7/9/24 9:59
343,Gabriel Andrade,435.017.268-80,243681574,10-31-88,F,Viúvo(a),miguelcosta@example.org,Viana dos Dourados,MS,76279955,1/20/25 8:16
344,Srta. Emanuella da Mota,530.719.246-07,301267844,08-01-69,F,Viúvo(a),borgesmaria@example.net,Nascimento,PB,72581225,2/10/25 18:34
345,Manuela Gomes,684.527.103-80,387401520,09-22-41,F,Divorciado(a),campossofia@example.com,Monteiro,AM,22764338,6/19/25 7:08
346,Antônio Fonseca,428.031.579-50,467150230,04-29-50,F,Divorciado(a),ana-beatriz47@example.org,Gonçalves,PA,29563427,5/26/26 8:13
347,Luiza Vieira,295.410.367-16,517460282,12-05-77,F,Divorciado(a),kevinpastor@example.com,Farias,RO,98085-133,2/1/26 2:58
348,Vitor Gabriel Teixeira,094.761.582-20,280167350,11-18-72,M,Solteiro(a),silvaesther@example.net,Macedo de Porto,PE,35856-646,1/20/26 10:42
349,Srta. Maya Silveira,234.510.698-06,280156431,11-15-38,M,Divorciado(a),thiagonascimento@example.org,Araújo,ES,66020-005,6/6/26 6:33
350,Srta. Ágatha Fernandes,386.105.294-60,52714860X,01-11-03,M,União estável,larapimenta@example.org,Pires,PI,26713-684,6/27/26 8:59
351,Alexandre Barbosa,328.164.507-08,523840718,04-22-59,M,Casado(a),guerramaria-luisa@example.com,Nogueira,RR,57202-665,12/12/25 17:29
352,Yasmin Gomes,251.793.640-43,581423707,04-30-91,M,Viúvo(a),joao-gabriel99@example.org,Guerra Paulista,AP,98416734,3/27/26 3:52
353,Manuela Costela,681.324.075-71,506413780,12-27-05,F,União estável,andradeluan@example.com,das Neves de Rios,TO,99741856,11/7/26 8:06
354,Anthony Gabriel Cassiano,750.961.824-01,680452370,10-24-36,F,Solteiro(a),hellena41@example.net,Aragão,ES,44429-906,10/7/25 21:05
355,Manuela Lima,865.120.347-08,152473804,07-31-58,M,Divorciado(a),lvargas@example.org,da Conceição,PI,50712455,12/28/24 17:27
356,Benjamin Abreu,362.510.478-44,32586147X,08-09-74,M,Divorciado(a),cecilianovais@example.com,Moura,RS,54914774,4/2/25 1:00
357,Luiz Otávio Porto,352.794.601-25,154263084,05-09-56,M,Divorciado(a),brayanfarias@example.org,Mendes,PI,30486-251,8/3/25 8:12
358,Pedro Miguel Sales,465.871.230-07,708456121,07-08-85,M,União estável,anada-mota@example.com,Nascimento,RN,73908-352,9/29/24 21:45
359,Vitor Hugo Peixoto,684.219.357-55,753142867,01-12-81,M,Divorciado(a),raquel28@example.net,Vieira,GO,67286811,2/12/24 11:26
360,Arthur Costela,895.634.072-29,712640356,05-23-96,M,Solteiro(a),kmartins@example.org,Viana,RJ,3829742,6/11/25 11:42
361,Dr. Davi da Cruz,608.542.793-00,42816579,08-20-50,F,Casado(a),fernandessofia@example.com,Machado de Goiás,AP,66397-925,1/4/25 15:14
362,Carlos Eduardo Garcia,436.590.127-34,781306255,04-26-08,F,Solteiro(a),ajesus@example.com,Correia,RO,27304276,12/21/24 16:37
363,Thomas Caldeira,498.307.126-13,304867123,11-28-64,M,União estável,nunesluiz-felipe@example.org,Sá,MG,03439-881,7/27/25 21:44
364,Yan Melo,753.816.942-37,706281548,09-21-79,F,Viúvo(a),ferreiramatheus@example.net,Azevedo do Sul,AL,94193-245,7/21/26 6:14
365,Yuri Ramos,107.542.863-71,247305613,04-24-07,F,Viúvo(a),lcostela@example.org,Albuquerque de Cassiano,PI,72020-095,11/2/26 17:23
366,Matteo Leão,215.834.076-26,784206314,04-27-53,F,Casado(a),apollo07@example.org,Souza das Pedras,SE,71928170,6/19/25 13:53
367,Joaquim Jesus,023.685.197-77,215307641,03-24-51,M,Divorciado(a),enzo20@example.net,Sales da Praia,RJ,16021-191,12/3/25 21:01
368,Ayla Cavalcante,689.752.314-37,867431052,01-04-63,F,Solteiro(a),albuquerquemelissa@example.net,Gonçalves,RN,35348486,4/2/25 21:36
369,Thiago Castro,136.278.905-40,217635040,06-13-01,M,Viúvo(a),costelapedro-henrique@example.org,Almeida,RJ,69232737,1/15/26 12:01
370,Yasmin Vargas,970.384.215-14,863271054,03-27-37,F,Solteiro(a),pedro-lucas36@example.org,Teixeira de Goiás,GO,60756-999,1/21/25 6:21
371,Júlia Guerra,672.509.483-00,40618723X,06-10-02,M,Casado(a),oliviamachado@example.net,Castro,RN,82851816,7/6/26 18:01
372,Emanuelly Viana,590.283.746-47,721083651,06-25-39,M,União estável,ryanmoreira@example.org,das Neves,RS,27634601,10/19/25 18:03
373,Sr. André Fonseca,734.812.569-73,173485601,07-04-90,F,Solteiro(a),maria-ceciliarios@example.org,Pacheco,AL,50061848,8/9/25 13:00
374,Diogo Cardoso,354.612.087-62,620187359,02-16-97,M,Solteiro(a),luan54@example.net,Montenegro do Galho,SE,18849680,7/17/26 18:49
375,Joana Vasconcelos,051.698.742-94,541820734,05-08-53,F,União estável,camposisadora@example.org,Andrade do Sul,DF,71317-197,1/29/26 22:30
376,Maria Vitória Aparecida,162.874.059-02,146532806,06-13-81,M,União estável,costelaluna@example.com,Cassiano de Cardoso,DF,47718-375,3/26/26 3:25
377,Pietro Leão,810.924.756-30,576408311,05-26-84,F,Viúvo(a),mathias23@example.com,Sampaio Grande,AP,01642-610,8/7/25 5:52
378,Henrique Costa,504.612.978-76,834126709,08-23-51,F,Divorciado(a),da-rosaheitor@example.net,Abreu,MT,14764278,3/13/26 13:12
379,Mariana Campos,573.429.086-65,78201463X,05-29-91,F,Divorciado(a),gmontenegro@example.com,Costela de Araújo,TO,15647-837,11/19/25 19:50
380,Henrique Brito,754.190.632-80,147238602,05-19-47,M,União estável,brendada-luz@example.com,Melo das Pedras,RR,59238687,9/10/25 1:03
381,Ana da Luz,896.451.703-20,532068476,05-03-70,M,Casado(a),fsouza@example.com,Mendes,DF,27320-222,9/7/25 13:28
382,Breno Martins,576.403.918-57,41752867,02-18-55,M,Divorciado(a),joliveira@example.org,Barbosa,PB,03163-705,4/12/25 22:14
383,João Vitor Pacheco,392.861.745-19,316872453,06-01-07,M,Casado(a),nogueirapedro-miguel@example.net,Rezende do Norte,MA,02667-652,6/18/25 17:21
384,Yuri Ramos,453.972.601-34,62834174,07-05-97,M,Casado(a),cavalcantecaio@example.net,Cavalcanti,AC,35102555,6/4/26 20:01
385,Danilo Pinto,354.280.196-89,386154703,04-28-64,M,Casado(a),leticiacardoso@example.org,Costa de Minas,PR,49542-106,2/12/24 11:55
386,Caleb Nunes,375.406.189-57,715803645,04-19-88,M,Viúvo(a),laviniada-mota@example.com,Santos,AM,53550514,12/22/24 16:20
387,Carlos Eduardo Pacheco,143.508.792-50,243718652,02-05-98,F,União estável,franciscomontenegro@example.net,Cavalcante,MT,84640-858,2/16/26 5:41
388,Sr. Vitor Hugo Cavalcante,567.138.024-35,671548323,02-01-03,F,Divorciado(a),evelyn19@example.com,Vieira,CE,41499290,2/18/26 0:39
389,Maria Vitória Gonçalves,270.135.869-86,53178427,10-15-82,M,Casado(a),silvaravi@example.net,Ribeiro de Andrade,MT,46160-762,3/5/25 22:12
390,Vinicius Silva,508.421.379-04,460351722,07-24-50,F,Divorciado(a),julianacamargo@example.org,Vieira,GO,29046-175,10/4/26 8:54
391,Thomas Novaes,701.634.985-39,201846354,06-01-55,F,Solteiro(a),eduardo72@example.org,Siqueira Paulista,AP,9538557,1/15/26 7:43
392,Erick Borges,643.285.079-74,712530861,06-05-97,M,Divorciado(a),gsousa@example.com,Sales de Minas,PE,89900-277,5/28/26 16:41
393,Daniel Albuquerque,845.073.961-66,358602476,01-31-87,M,Viúvo(a),bda-mata@example.net,Farias do Oeste,PE,90673-963,1/3/25 22:15
394,Théo Sales,987.302.451-41,286035170,05-26-91,M,União estável,nogueiraisadora@example.net,Leão,RR,33717-086,3/15/26 1:57
395,João Cavalcante,642.018.597-11,548670316,09-29-61,M,Casado(a),bmachado@example.com,Melo do Galho,AC,64315-890,5/10/24 13:44
396,Isis Vargas,921.807.356-77,704132850,10-13-99,F,Casado(a),bentomoraes@example.net,Borges de Minas,PA,69196127,5/15/25 1:05
397,Anthony Gabriel Novais,082.691.543-42,261584704,11-05-59,M,Solteiro(a),ppires@example.org,Nunes dos Dourados,MG,39670243,4/22/25 14:39
398,Leandro Aparecida,593.872.041-97,548013275,11-26-96,M,Divorciado(a),isaacfogaca@example.net,Nunes do Amparo,RO,20429862,11/20/24 11:13
399,Carolina Albuquerque,698.034.572-92,564781204,10-04-51,F,Viúvo(a),jguerra@example.net,Cassiano,BA,00014-407,1/6/26 16:06
400,Bernardo Vieira,430.629.781-04,108453674,03-05-01,M,Viúvo(a),ccardoso@example.net,Cardoso Verde,TO,56820175,1/18/25 1:35
401,Pietro Pimenta,691.438.270-04,402163576,12-06-87,F,Viúvo(a),rael13@example.com,Correia de Costela,PB,34244474,8/28/25 2:13
402,João Gabriel Monteiro,607.543.189-66,105362748,12-18-92,F,União estável,saleseduarda@example.org,Silva das Flores,RO,39160-770,8/28/24 7:28
403,Joaquim Albuquerque,459.072.638-65,216407837,04-16-64,F,Viúvo(a),brunoda-costa@example.net,Cardoso do Oeste,AL,97440880,1/30/26 1:18
404,Raquel Aparecida,897.041.623-40,146807327,09-28-94,M,União estável,gbrito@example.com,Rocha de Abreu,PR,45447-082,5/24/26 8:03
405,Bruno Macedo,146.508.237-90,467358011,05-09-48,M,Viúvo(a),fernanda05@example.org,Albuquerque da Praia,AL,81640989,10/18/24 12:30
406,Augusto Pastor,120.659.734-80,204851671,07-29-91,F,União estável,xsa@example.net,Souza da Prata,RN,45381-180,10/26/25 0:30
407,Yan Peixoto,658.412.973-09,62814703X,07-26-71,F,Solteiro(a),uaragao@example.net,Barbosa,MS,1731671,10/3/25 5:17
408,Luiz Felipe Moura,705.162.483-08,35284601X,07-04-06,M,Casado(a),paulo15@example.net,Gonçalves de Novaes,AC,70237-718,1/2/25 4:54
409,Carlos Eduardo Nunes,290.483.675-65,325648074,11-28-50,M,Divorciado(a),qda-rocha@example.org,Almeida,RJ,40169332,3/8/25 11:39
410,Davi Miguel Cunha,471.965.820-20,756208130,10-24-44,M,Casado(a),caraujo@example.com,Barbosa,PA,66470703,3/9/25 8:19
411,Isaac Garcia,058.147.296-94,105327682,04-13-55,F,União estável,ymelo@example.com,da Mata de Dias,RN,93183-997,1/20/26 4:10
412,Lara Peixoto,146.085.297-49,431752084,04-03-45,F,Divorciado(a),theogarcia@example.org,Monteiro da Mata,CE,56787188,10/8/25 20:33
413,Gustavo Machado,897.024.561-85,803571264,07-27-77,M,União estável,isadora47@example.net,Leão,AP,62016-555,8/1/26 9:47
414,Sofia Jesus,457.893.216-82,750123849,12-21-35,F,Viúvo(a),gomessabrina@example.com,Costa,DF,86083-570,6/1/26 18:04
415,Alícia da Cruz,630.425.178-53,28576433,09-10-37,M,Viúvo(a),davi-miguel34@example.net,Martins,DF,67480-957,2/11/25 0:46
416,José Rocha,059.183.746-39,425016833,10-19-59,F,Viúvo(a),arthur-gabriel73@example.com,Pereira,MT,84196-233,11/22/24 7:34
417,Ana Sousa,586.942.137-37,748103624,01-08-63,F,Divorciado(a),pauloribeiro@example.net,Câmara,RS,17989-022,4/1/25 21:55
418,Ana Laura Andrade,654.987.301-01,784250613,08-04-66,M,Casado(a),ana-sophia39@example.net,Montenegro,GO,63802-076,9/18/24 6:32
419,Murilo Rodrigues,129.564.087-20,187453202,02-11-72,F,Viúvo(a),benjamimrezende@example.com,Aparecida de da Cruz,RR,06757-896,4/13/26 5:21
420,Srta. Esther Fernandes,570.639.128-95,23085476X,04-17-85,F,Divorciado(a),lunna05@example.org,Ramos,SE,03687-156,12/3/26 17:26
421,Ana Vitória Souza,078.436.952-65,482376156,10-29-06,F,União estável,benicio36@example.net,Novais do Oeste,RR,29158542,7/19/26 20:55
422,Ian Cavalcanti,416.752.098-20,438750160,12-06-57,M,Viúvo(a),tmelo@example.com,Ramos,TO,13447-609,1/24/25 17:50
423,Gabrielly Sales,794.051.823-23,431067284,04-23-06,M,Divorciado(a),oliveirahadassa@example.net,da Mata,RN,13768367,9/4/25 22:30
424,Srta. Aylla Melo,715.892.460-20,480715634,02-16-40,F,Divorciado(a),isabela56@example.com,Borges da Mata,RN,3850255,6/9/24 18:47
425,Srta. Júlia Vasconcelos,496.315.820-51,476150826,09-14-55,M,Viúvo(a),freitasmaria-luisa@example.com,Lima do Campo,PE,8580018,8/7/25 7:18
426,Bryan das Neves,315.062.894-60,861504732,08-14-75,M,União estável,aparecidajade@example.net,Correia,AL,86550522,2/17/25 23:12
427,Calebe da Rocha,206.378.415-90,457861022,04-28-07,F,Viúvo(a),plima@example.org,Costela de Goiás,RJ,33252861,2/24/26 6:29
428,Joaquim Siqueira,945.632.807-47,428376514,10-24-66,M,Casado(a),cavalcantivinicius@example.net,Gomes,MG,59147-625,2/17/26 15:25
429,Sophia Araújo,968.207.315-40,367421859,04-23-92,F,União estável,isabel65@example.net,Costa da Prata,ES,43468-586,1/18/25 7:39
430,Amanda Jesus,162.743.980-31,612740353,11-01-01,F,Viúvo(a),maria-eduardaborges@example.org,Cardoso,AM,63947-625,3/11/25 15:46
431,Enzo Gomes,456.179.083-75,401382576,01-30-08,M,Casado(a),cirinojulia@example.net,Nunes,RN,90133-344,12/26/24 17:49
432,Mariah Mendes,341.208.659-24,163480758,11-21-01,F,União estável,caldeiraisadora@example.org,da Luz,PE,48420-353,9/14/24 22:08
433,Rhavi Nunes,179.843.056-84,716503426,07-27-99,M,Divorciado(a),pachecoana-luiza@example.org,Garcia de da Rocha,PA,91381074,10/14/25 8:47
434,Mateus Campos,942.156.087-67,15782463,04-22-39,F,Viúvo(a),lribeiro@example.com,Lima das Flores,RN,89930-051,9/26/25 23:12
435,Manuela Lopes,756.128.403-90,713864059,02-15-65,M,Solteiro(a),da-luzgiovanna@example.org,Teixeira do Campo,PR,82076238,12/30/25 9:28
436,Luiz Fernando Vieira,293.146.508-98,408235767,06-09-61,M,Casado(a),benicio04@example.org,Mendonça da Prata,AL,83028-010,7/5/26 2:39
437,João Pedro Silva,534.072.196-52,483765107,01-10-75,F,União estável,enzo-gabrielramos@example.net,Monteiro da Praia,RJ,08429-069,6/27/26 2:16
438,Ana Julia Sales,452.968.301-05,103264759,07-29-68,M,União estável,esther70@example.org,da Rocha Paulista,MA,72508-423,1/16/26 19:16
439,Erick Cunha,480.672.513-71,415267304,06-21-59,F,Solteiro(a),ana-vitoria74@example.net,Moura,MG,4029662,5/14/26 7:38
440,Dra. Ayla Macedo,217.984.506-58,413687053,10-07-85,M,Solteiro(a),jadegarcia@example.net,Caldeira,RJ,33593797,9/22/24 6:36
441,Alexandre Araújo,025.396.174-25,645302181,09-25-35,F,Solteiro(a),npacheco@example.org,Costa do Campo,AP,76665-052,11/15/25 15:06
442,Mariah Azevedo,209.487.365-00,618540325,03-07-53,M,Viúvo(a),goncalvesmaria-liz@example.net,Barros de Barros,MA,94300037,3/20/26 19:02
443,Vitor Gabriel Nunes,231.769.854-28,631742086,02-09-83,F,União estável,maysajesus@example.com,Câmara de Goiás,PR,65697-648,9/6/25 17:10
444,Paulo Castro,248.590.716-11,250341876,04-06-59,F,Viúvo(a),henry20@example.com,da Rocha,PR,80457-972,4/21/25 6:11
445,Lavínia Sampaio,079.164.583-57,726153801,05-03-86,F,Viúvo(a),anna-liz16@example.com,Vargas da Prata,DF,36796082,7/6/26 22:09
446,Dra. Maria Luiza Monteiro,136.025.497-80,53248673,07-03-46,M,Viúvo(a),francisco93@example.com,da Costa de Minas,MS,68513-538,10/28/25 17:05
447,João Guilherme Moraes,374.925.068-56,13426758,01-08-43,M,Viúvo(a),qnovaes@example.org,Pacheco do Galho,DF,26170505,6/30/26 16:08
448,Giovanna Freitas,345.780.219-04,72481503X,10-14-77,M,União estável,alexiacastro@example.com,Cavalcanti de Mendes,SP,69834-515,6/3/26 18:55
449,Srta. Eloah Dias,285.930.147-04,304681271,12-03-82,M,Solteiro(a),lucas-gabrielmendes@example.com,da Rocha,RO,73057-771,1/26/26 14:58
450,Sra. Bárbara Rocha,971.324.685-37,673208540,09-10-49,F,Viúvo(a),arthur-gabriel09@example.net,Leão,AL,57911501,8/23/24 9:37
451,Clarice Leão,098.132.645-51,754361081,08-26-56,F,União estável,elisamendonca@example.org,das Neves,MG,49272-400,6/3/26 16:05
452,Dra. Cecília Almeida,860.723.914-78,52173847,03-23-05,F,Solteiro(a),daniloramos@example.net,Nascimento do Norte,CE,54158929,3/12/25 5:46
453,Heloísa Aragão,437.860.152-44,204716834,04-07-73,F,Divorciado(a),ana-julia74@example.com,Carvalho das Pedras,RN,76501676,7/7/25 5:13
454,Thomas Monteiro,762.548.130-17,650831421,07-02-48,F,Casado(a),leolima@example.com,Carvalho,MT,97772-659,3/25/26 0:09
455,Laís Alves,835.740.269-00,416305726,10-23-75,F,União estável,davi-miguelcarvalho@example.net,Ferreira de Porto,PB,30293011,7/1/26 9:47
456,Luigi Porto,016.759.384-66,65742837,05-20-47,F,Divorciado(a),joanapereira@example.org,Ramos,SP,46956-740,12/30/25 13:47
457,Sabrina Viana,354.261.870-53,46538710X,11-03-84,F,União estável,natalia34@example.net,Vargas da Prata,DF,43695-805,8/8/24 17:38
458,Sra. Luiza Araújo,502.473.689-38,71264589,07-06-86,F,Viúvo(a),vda-conceicao@example.com,Novais,AM,35312-794,6/2/26 3:11
459,Isabel Câmara,753.086.492-00,502136789,03-16-95,F,Casado(a),luararocha@example.com,Mendes,RO,55537-062,3/7/25 13:02
460,Bianca Leão,738.926.045-92,572318406,03-29-48,M,União estável,galves@example.com,das Neves,MT,59982267,4/1/25 14:17
461,Erick Teixeira,349.685.012-42,145806376,10-22-64,F,Casado(a),caleb28@example.org,Ramos,MA,69531029,10/7/25 18:39
462,Cauê Duarte,062.549.378-83,658031727,04-01-97,F,Solteiro(a),enzosouza@example.org,Macedo,RS,59915-304,7/2/25 15:15
463,Anthony Cavalcanti,026.541.389-33,345201681,09-04-72,F,Viúvo(a),zteixeira@example.org,Aragão,SP,13346-018,6/3/25 4:21
464,Alexandre Brito,382.715.069-86,164038759,11-23-52,F,Viúvo(a),rezendemaria-luiza@example.org,Lopes,ES,85089-512,12/27/24 15:41
465,Vinícius Freitas,198.425.673-46,671432850,12-08-95,M,Viúvo(a),marialima@example.com,Costa,PI,40223-461,2/27/25 21:58
466,Maria Helena Cavalcanti,763.510.294-06,173028457,11-25-62,M,Casado(a),nina31@example.net,Mendonça,RO,63159229,10/13/24 8:35
467,Eloah Mendes,065.412.937-16,65718343,12-27-47,F,Solteiro(a),alanamendes@example.org,Campos de Camargo,GO,56581-898,11/18/25 14:34
468,Pedro Barbosa,735.810.642-35,27863154X,05-02-43,F,Solteiro(a),juliana37@example.net,Sales,DF,13179-854,9/17/25 20:54
469,Leonardo Sales,903.751.264-06,584123061,09-25-46,F,Solteiro(a),pedro-henrique92@example.org,Costela,SC,53156-309,1/15/25 9:43
470,Maria Liz Moreira,506.972.431-25,245071866,03-14-69,M,Viúvo(a),bellarezende@example.org,Sousa,GO,98306323,4/6/25 7:18
471,Anthony Gabriel Brito,814.269.537-55,20158637X,06-27-86,M,Solteiro(a),luna65@example.net,da Rosa,TO,19082-611,11/8/24 4:56
472,Liam Gomes,542.986.107-30,378564213,09-05-79,F,Divorciado(a),ceciliada-conceicao@example.org,Costa,SE,88933-437,4/19/25 7:40
473,Dra. Maria Helena Lopes,940.832.671-78,328417506,05-21-68,F,União estável,carolinaalmeida@example.net,Novaes,PE,995428,7/28/25 22:19
474,Hadassa da Mota,468.935.721-82,703586245,03-23-99,F,Solteiro(a),dpacheco@example.org,Rodrigues,AM,74492-343,6/30/26 16:18
475,Dr. Valentim Duarte,045.692.317-99,752016842,10-25-40,F,União estável,biancamachado@example.org,Costa Alegre,PE,30101-278,9/17/25 15:49
476,Lívia Barros,930.624.571-80,754380610,06-19-59,F,Divorciado(a),cauacorreia@example.net,Machado,ES,74457762,11/27/25 14:04
477,Mathias da Cruz,675.804.312-62,75428136X,08-26-45,F,União estável,mateus77@example.com,Vargas de Costela,RS,9900094,12/1/26 19:19
478,Maria Fernanda Gonçalves,582.197.460-76,857632012,08-03-05,M,União estável,jose-pedrojesus@example.com,Rodrigues,MT,74661447,6/15/25 2:45
479,Thomas Ramos,687.502.341-53,684170255,07-14-87,M,Casado(a),isis59@example.net,Fogaça,AP,18660474,6/16/25 20:39
480,Heitor Novaes,914.357.208-14,746210383,09-10-79,F,Casado(a),gustavo02@example.net,Costa Paulista,PA,81539-885,10/31/25 4:31
481,Srta. Rebeca Novaes,958.460.237-38,26874015X,01-10-60,M,Viúvo(a),pedronascimento@example.org,Oliveira dos Dourados,SC,9121852,2/7/25 6:49
482,Juan Borges,146.095.782-20,536082479,05-30-49,M,Solteiro(a),ana-carolina07@example.com,Fernandes Grande,AL,41910-616,9/7/26 20:15
483,Ayla Almeida,082.157.649-67,623415707,01-10-81,F,Casado(a),ofogaca@example.com,Aragão de Santos,DF,20074859,7/17/25 17:51
484,José Miguel Correia,871.942.065-01,208547630,03-30-02,F,Solteiro(a),zalmeida@example.com,Lopes das Flores,RR,30165-562,12/30/24 11:28
485,Rebeca Moura,897.532.640-38,137506247,02-29-00,M,Divorciado(a),augustoborges@example.org,das Neves de Minas,RJ,47905347,10/23/24 23:20
486,Luiz Henrique Borges,673.504.289-10,263048718,10-01-95,M,Divorciado(a),yfarias@example.net,Porto do Amparo,PE,96458374,9/1/26 14:03
487,Lunna Oliveira,752.019.863-40,587621436,06-08-55,F,Divorciado(a),fda-mota@example.net,Pimenta,MG,89630-093,4/4/25 17:39
488,Ester Araújo,163.805.279-40,287156308,03-11-57,F,Casado(a),maria-luizagarcia@example.com,Caldeira de Ferreira,MT,46053-926,8/21/24 5:50
489,Raquel da Mata,627.108.934-87,184572630,06-29-89,M,União estável,melissafonseca@example.net,da Paz das Flores,AC,89075-199,7/6/26 16:05
490,Sofia Azevedo,795.201.648-20,427103587,07-07-73,F,União estável,pietravasconcelos@example.net,Caldeira de Fernandes,PA,20949076,6/13/26 20:15
491,Srta. Letícia Camargo,539.487.062-47,182563704,05-07-91,M,Casado(a),rodrigo14@example.net,Cassiano de Goiás,BA,55809-579,2/27/25 12:58
492,Maria Cecília Montenegro,168.094.237-96,361752404,06-30-57,M,Solteiro(a),qcaldeira@example.com,Brito do Sul,AP,59001-706,6/23/25 9:27
493,Júlia Oliveira,076.541.289-67,620571433,01-20-68,F,União estável,claricecosta@example.com,da Mata,DF,97427493,3/6/25 2:06
494,Heloisa Dias,769.802.534-92,75612343,02-16-97,M,Viúvo(a),heloisaalves@example.net,Garcia,AP,97892594,6/5/25 9:40
495,Dr. João Pires,465.718.239-00,480675211,10-13-41,M,Casado(a),mmachado@example.net,Costa,ES,40112-728,12/20/24 14:48
496,Alexia Costa,087.632.519-30,65734828,01-03-92,F,Divorciado(a),vcasa-grande@example.net,Aparecida,ES,64564967,2/25/25 10:06
497,Antonella Guerra,053.489.716-93,701265383,12-01-87,F,Divorciado(a),drodrigues@example.org,Carvalho,CE,69088754,2/8/25 2:57
498,Igor Costa,583.642.190-06,62317842,04-17-58,M,Viúvo(a),gabriela93@example.net,Barros de Mendonça,RR,30568709,1/3/25 0:56
499,José Sampaio,605.832.147-62,387642018,04-29-91,F,União estável,dmarques@example.net,Camargo do Sul,MA,80947-318,9/28/24 2:26
500,Dr. Antônio Fernandes,427.039.851-50,76805431X,02-24-05,M,Solteiro(a),tgoncalves@example.com,Rodrigues das Flores,PE,60669-926,9/9/24 19:15
